"kub_result_377704a9-aa1d-4c6d-bcb5-e4d70a75fd15","kub_result","engine","377704a9-aa1d-4c6d-bcb5-e4d70a75fd15","","",0,0,0,false,true
"kub_result_c12af999-ebdb-40b4-a2da-49c8876d5796","kub_result","engine","c12af999-ebdb-40b4-a2da-49c8876d5796","","",0,0,0,false,true
"kub_result_0264426d-50b3-4100-ac74-111d0588ee77","kub_result","engine","0264426d-50b3-4100-ac74-111d0588ee77","","",0,0,0,false,true
"kub_result_6703b11e-1bec-42df-94e4-8538e9528bcf","kub_result","engine","6703b11e-1bec-42df-94e4-8538e9528bcf","","",0,0,0,false,true
"kub_result_95d0ac44-b2fb-4aa3-b588-a5dbb5f40612","kub_result","engine","95d0ac44-b2fb-4aa3-b588-a5dbb5f40612","","",0,0,0,false,true
"kub_result_f9f32dac-2c1a-45c2-89c5-1fcfe7e84e03","kub_result","engine","f9f32dac-2c1a-45c2-89c5-1fcfe7e84e03","","",0,0,0,false,true
"kub_result_5b18bee7-8496-47bb-9a8f-7dfb8ff598dd","kub_result","engine","5b18bee7-8496-47bb-9a8f-7dfb8ff598dd","","",0,0,0,false,true
"kub_result_28dd5035-ba90-49c5-acd5-d10b5114944f","kub_result","engine","28dd5035-ba90-49c5-acd5-d10b5114944f","","",0,0,0,false,true
"kub_result_0a43d32d-4db3-40fb-a1d6-db49df69e9fc","kub_result","engine","0a43d32d-4db3-40fb-a1d6-db49df69e9fc","","",0,0,0,false,true
"kub_result_303a94e6-7ec1-413b-afad-ae54878f818f","kub_result","engine","303a94e6-7ec1-413b-afad-ae54878f818f","","",0,0,0,false,true
"kub_result_dd5308f7-f158-461c-9ad7-0441d289121f","kub_result","engine","dd5308f7-f158-461c-9ad7-0441d289121f","","",0,0,0,false,true
"kub_result_22450ed0-6398-46bd-831e-b0b03fe851a8","kub_result","engine","22450ed0-6398-46bd-831e-b0b03fe851a8","","",0,0,0,false,true
"kub_result_7ac0982f-4ebf-4ef5-be2d-81ec6d066d41","kub_result","engine","7ac0982f-4ebf-4ef5-be2d-81ec6d066d41","","",0,0,0,false,true
"kub_result_fc8c9994-49ac-487c-ac83-f79e0fe63fe6","kub_result","engine","fc8c9994-49ac-487c-ac83-f79e0fe63fe6","","",0,0,0,false,true
"kub_result_2db00340-da43-40ab-85f8-42f7014eeb28","kub_result","engine","2db00340-da43-40ab-85f8-42f7014eeb28","","",0,0,0,false,true
"kub_result_03a10c09-b33f-4168-b269-2298d9c5e7fd","kub_result","engine","03a10c09-b33f-4168-b269-2298d9c5e7fd","","",0,0,0,false,true
"kub_result_a5719db3-3eca-475b-b6f7-836a074141dd","kub_result","engine","a5719db3-3eca-475b-b6f7-836a074141dd","","",0,0,0,false,true
"kub_result_37343a0f-3b7b-4f1f-b475-86b637800dff","kub_result","engine","37343a0f-3b7b-4f1f-b475-86b637800dff","","",0,0,0,false,true
"kub_result_377704a9-aa1d-4c6d-bcb5-e4d70a75fd15","kub_result","engine","377704a9-aa1d-4c6d-bcb5-e4d70a75fd15","","",0,0,0,false,true
"kub_result_c12af999-ebdb-40b4-a2da-49c8876d5796","kub_result","engine","c12af999-ebdb-40b4-a2da-49c8876d5796","","",0,0,0,false,true
"kub_result_0264426d-50b3-4100-ac74-111d0588ee77","kub_result","engine","0264426d-50b3-4100-ac74-111d0588ee77","","",0,0,0,false,true
"kub_result_6703b11e-1bec-42df-94e4-8538e9528bcf","kub_result","engine","6703b11e-1bec-42df-94e4-8538e9528bcf","","",0,0,0,false,true
"kub_result_95d0ac44-b2fb-4aa3-b588-a5dbb5f40612","kub_result","engine","95d0ac44-b2fb-4aa3-b588-a5dbb5f40612","","",0,0,0,false,true
"kub_result_f9f32dac-2c1a-45c2-89c5-1fcfe7e84e03","kub_result","engine","f9f32dac-2c1a-45c2-89c5-1fcfe7e84e03","","",0,0,0,false,true
"kub_result_5b18bee7-8496-47bb-9a8f-7dfb8ff598dd","kub_result","engine","5b18bee7-8496-47bb-9a8f-7dfb8ff598dd","","",0,0,0,false,true
"kub_result_28dd5035-ba90-49c5-acd5-d10b5114944f","kub_result","engine","28dd5035-ba90-49c5-acd5-d10b5114944f","","",0,0,0,false,true
"kub_result_0a43d32d-4db3-40fb-a1d6-db49df69e9fc","kub_result","engine","0a43d32d-4db3-40fb-a1d6-db49df69e9fc","","",0,0,0,false,true
"kub_result_303a94e6-7ec1-413b-afad-ae54878f818f","kub_result","engine","303a94e6-7ec1-413b-afad-ae54878f818f","","",0,0,0,false,true
"kub_result_dd5308f7-f158-461c-9ad7-0441d289121f","kub_result","engine","dd5308f7-f158-461c-9ad7-0441d289121f","","",0,0,0,false,true
"kub_result_22450ed0-6398-46bd-831e-b0b03fe851a8","kub_result","engine","22450ed0-6398-46bd-831e-b0b03fe851a8","","",0,0,0,false,true
"kub_result_7ac0982f-4ebf-4ef5-be2d-81ec6d066d41","kub_result","engine","7ac0982f-4ebf-4ef5-be2d-81ec6d066d41","","",0,0,0,false,true
"kub_result_fc8c9994-49ac-487c-ac83-f79e0fe63fe6","kub_result","engine","fc8c9994-49ac-487c-ac83-f79e0fe63fe6","","",0,0,0,false,true
"kub_result_2db00340-da43-40ab-85f8-42f7014eeb28","kub_result","engine","2db00340-da43-40ab-85f8-42f7014eeb28","","",0,0,0,false,true
"kub_result_03a10c09-b33f-4168-b269-2298d9c5e7fd","kub_result","engine","03a10c09-b33f-4168-b269-2298d9c5e7fd","","",0,0,0,false,true
"kub_result_a5719db3-3eca-475b-b6f7-836a074141dd","kub_result","engine","a5719db3-3eca-475b-b6f7-836a074141dd","","",0,0,0,false,true
"kub_result_37343a0f-3b7b-4f1f-b475-86b637800dff","kub_result","engine","37343a0f-3b7b-4f1f-b475-86b637800dff","","",0,0,0,false,true
"kub_result_01dae029-6158-4b80-be4e-9d45f5fe778a","kub_result","engine","01dae029-6158-4b80-be4e-9d45f5fe778a","","",0,0,0,false,true
"kub_result_01dae029-6158-4b80-be4e-9d45f5fe778a","kub_result","engine","01dae029-6158-4b80-be4e-9d45f5fe778a","","",0,0,0,false,true
"kub_result_179ba4b4-48ff-4844-8660-8352218de78a","kub_result","engine","179ba4b4-48ff-4844-8660-8352218de78a","","",0,0,0,false,true
"kub_result_179ba4b4-48ff-4844-8660-8352218de78a","kub_result","engine","179ba4b4-48ff-4844-8660-8352218de78a","","",0,0,0,false,true
"kub_result_7a2edcf1-c349-4b11-b475-1b29dad2939c","kub_result","engine","7a2edcf1-c349-4b11-b475-1b29dad2939c","","",0,0,0,false,true
"kub_result_7a2edcf1-c349-4b11-b475-1b29dad2939c","kub_result","engine","7a2edcf1-c349-4b11-b475-1b29dad2939c","","",0,0,0,false,true
"kub_result_a7ad7546-c8c2-470c-a65a-e74448cd5d87","kub_result","engine","a7ad7546-c8c2-470c-a65a-e74448cd5d87","","",0,0,0,false,true
"kub_result_a7ad7546-c8c2-470c-a65a-e74448cd5d87","kub_result","engine","a7ad7546-c8c2-470c-a65a-e74448cd5d87","","",0,0,0,false,true
"kub_result_09e79381-d229-4818-9b53-f56eb20cc88f","kub_result","engine","09e79381-d229-4818-9b53-f56eb20cc88f","","",0,0,0,false,true
"kub_result_09e79381-d229-4818-9b53-f56eb20cc88f","kub_result","engine","09e79381-d229-4818-9b53-f56eb20cc88f","","",0,0,0,false,true
"kub_result_deb78913-5e9e-4893-b12e-fd12a4edfbfa","kub_result","engine","deb78913-5e9e-4893-b12e-fd12a4edfbfa","","",0,0,0,false,true
"kub_result_ce1ac7cf-13b0-4b52-96b3-0f03590db45c","kub_result","engine","ce1ac7cf-13b0-4b52-96b3-0f03590db45c","","",0,0,0,false,true
"kub_result_ce1ac7cf-13b0-4b52-96b3-0f03590db45c","kub_result","engine","ce1ac7cf-13b0-4b52-96b3-0f03590db45c","","",0,0,0,false,true
"kub_result_b92b3549-f083-4da4-ab4b-7ea19ce0b4e1","kub_result","engine","b92b3549-f083-4da4-ab4b-7ea19ce0b4e1","","",0,0,0,false,true
"kub_result_b92b3549-f083-4da4-ab4b-7ea19ce0b4e1","kub_result","engine","b92b3549-f083-4da4-ab4b-7ea19ce0b4e1","","",0,0,0,false,true
"kub_result_2f74a453-0bcb-4e1b-a4c9-e107a708dd6f","kub_result","engine","2f74a453-0bcb-4e1b-a4c9-e107a708dd6f","","",0,0,0,false,true
"kub_result_2f74a453-0bcb-4e1b-a4c9-e107a708dd6f","kub_result","engine","2f74a453-0bcb-4e1b-a4c9-e107a708dd6f","","",0,0,0,false,true
"kub_result_30d6d986-ed7b-443f-8845-210a4735708c","kub_result","engine","30d6d986-ed7b-443f-8845-210a4735708c","","",0,0,0,false,true
"kub_result_30d6d986-ed7b-443f-8845-210a4735708c","kub_result","engine","30d6d986-ed7b-443f-8845-210a4735708c","","",0,0,0,false,true
"kub_result_1ab1c1e8-0af6-4b5a-90b6-604685aeacf7","kub_result","engine","1ab1c1e8-0af6-4b5a-90b6-604685aeacf7","","",0,0,0,false,true
"kub_result_1ab1c1e8-0af6-4b5a-90b6-604685aeacf7","kub_result","engine","1ab1c1e8-0af6-4b5a-90b6-604685aeacf7","","",0,0,0,false,true
"kub_result_9c6592ab-6a1f-4be4-9bdb-67a65c1ffe19","kub_result","engine","9c6592ab-6a1f-4be4-9bdb-67a65c1ffe19","","",0,0,0,false,true
"kub_result_9c6592ab-6a1f-4be4-9bdb-67a65c1ffe19","kub_result","engine","9c6592ab-6a1f-4be4-9bdb-67a65c1ffe19","","",0,0,0,false,true
"kub_result_39c6de0d-2811-4b14-9ba9-c1b578ddc994","kub_result","engine","39c6de0d-2811-4b14-9ba9-c1b578ddc994","themis-control-plane","B",0.013679999999999998,0.003447359999999999,0.008563679999999999,false,false
"kub_result_afcb6329-68c2-42bb-bb7d-e3b3499a3c18","kub_result","engine","afcb6329-68c2-42bb-bb7d-e3b3499a3c18","","",0,0,0,false,true
"kub_result_afcb6329-68c2-42bb-bb7d-e3b3499a3c18","kub_result","engine","afcb6329-68c2-42bb-bb7d-e3b3499a3c18","","",0,0,0,false,true
"kub_result_3fd3d332-2f15-47c8-aaca-8341f5486bce","kub_result","engine","3fd3d332-2f15-47c8-aaca-8341f5486bce","","",0,0,0,false,true
"kub_result_3fd3d332-2f15-47c8-aaca-8341f5486bce","kub_result","engine","3fd3d332-2f15-47c8-aaca-8341f5486bce","","",0,0,0,false,true
"kub_result_1172faac-1913-4ffd-a802-6c388cd50d66","kub_result","engine","1172faac-1913-4ffd-a802-6c388cd50d66","","",0,0,0,false,true
"kub_result_1172faac-1913-4ffd-a802-6c388cd50d66","kub_result","engine","1172faac-1913-4ffd-a802-6c388cd50d66","","",0,0,0,false,true
"kub_result_4862197e-add6-458e-9cb4-cf3991bb7bb6","kub_result","engine","4862197e-add6-458e-9cb4-cf3991bb7bb6","themis-control-plane","B",0.013679999999999998,0.003447359999999999,0.008563679999999999,false,false
"kub_result_4862197e-add6-458e-9cb4-cf3991bb7bb6","kub_result","engine","4862197e-add6-458e-9cb4-cf3991bb7bb6","","",0,0,0,false,true
"kub_result_cc395bbb-6563-446f-9dba-6027686f260e","kub_result","engine","cc395bbb-6563-446f-9dba-6027686f260e","themis-control-plane","B",0.013679999999999998,0.003447359999999999,0.008563679999999999,false,false
"kub_result_cc395bbb-6563-446f-9dba-6027686f260e","kub_result","engine","cc395bbb-6563-446f-9dba-6027686f260e","","",0,0,0,false,true
